{
  "eye": {
    "orientation": [
      -0.4563830494880676,
      -0.21781376004219055,
      0.07376168668270111,
      0.859552800655365
    ],
    "magnitude": 0.5773502588272095,
    "position": [
      -176.69422912597656,
      300.9720764160156,
      195.43588256835938
    ]
  },
  "radius": 200,
  "type": "PERSPECTIVE"
}