{
  "eye": {
    "orientation": [
      0.12839119136333466,
      0.39057135581970215,
      -0.1755990982055664,
      0.8945024609565735
    ],
    "magnitude": 1,
    "position": [
      143.23382568359375,
      -14.897416114807129,
      152.4536590576172
    ]
  },
  "radius": 200,
  "type": "ORTHOGRAPHIC"
}