{
  "eye": {
    "orientation": [
      0.0767306387424469,
      0.06283024698495865,
      -0.01765119843184948,
      0.9949136972427368
    ],
    "magnitude": 1,
    "position": [
      24.400232315063477,
      -30.98305320739746,
      196.0732421875
    ]
  },
  "radius": 200,
  "type": "ORTHOGRAPHIC"
}