{
  "eye": {
    "orientation": [
      0.42482542991638184,
      0.47055453062057495,
      -0.15808416903018951,
      0.7570411562919617
    ],
    "magnitude": 0.5773502588272095,
    "position": [
      717.17236328125,
      -979.5172119140625,
      252.6343536376953
    ]
  },
  "paths": [],
  "ortho": false,
  "radius": 620,
  "visualHints": 0
}