{
  "eye": {
    "orientation": [-1.5427180528640747],
    "magnitude": 0.33913910388946533,
    "position": [
      89.71913146972656,
      -101.32816314697266,
      0
    ]
  },
  "paths": [{
    "key": 1,
    "keyFrames": [
      {
        "orientation": [-1.5427180528640747],
        "magnitude": 0.33913910388946533,
        "position": [
          89.71913146972656,
          -101.32816314697266,
          0
        ],
        "time": 0
      },
      {
        "orientation": [-1.5142303705215454],
        "magnitude": 0.13526922464370728,
        "position": [
          61.501304626464844,
          71.02506256103516,
          0
        ],
        "time": 1
      },
      {
        "orientation": [-0.010666407644748688],
        "magnitude": 0.8055185079574585,
        "position": [
          -99.00718688964844,
          -4.614400863647461,
          0
        ],
        "time": 2
      }
    ]
  }],
  "ortho": true,
  "radius": 100,
  "visualHints": 0
}