{
  "eye": {
    "orientation": [
      -0.4177720844745636,
      -0.2928764522075653,
      0.029206903651356697,
      0.8595561981201172
    ],
    "magnitude": 0.5773502588272095,
    "position": [
      -211.15211486816406,
      280.4455261230469,
      191.74151611328125
    ]
  },
  "radius": 200,
  "type": "PERSPECTIVE"
}