{
  "eye": {
    "orientation": [
      -0.050170138478279114,
      -0.04963543638586998,
      -0.008703310042619705,
      0.9974685907363892
    ],
    "magnitude": 0.5773502588272095,
    "position": [
      -39.26009750366211,
      40.38050079345703,
      396.0152587890625
    ]
  },
  "radius": 200,
  "type": "PERSPECTIVE"
}