{
  "eye": {
    "orientation": [
      0.045846469700336456,
      -0.6827390789985657,
      0.43003562092781067,
      0.5889268517494202
    ],
    "magnitude": 1,
    "position": [
      -150.62347412109375,
      -118.89148712158203,
      12.894371032714844
    ]
  },
  "radius": 150,
  "type": "PERSPECTIVE"
}